{"cameraMode":{"drawMode":0,"name":"Shaded","section":"Shading Mode"},"sceneLighting":true,"audioPlay":false,"sceneViewState":{"showFog":true,"showMaterialUpdate":false,"showSkybox":true,"showFlares":true,"showImageEffects":true,"showParticleSystems":true},"in2DMode":false,"pivot":{"x":-28.574806213378908,"y":106.53021240234375,"z":-4.76708984375},"rotation":{"x":0.011680969968438149,"y":0.039584312587976459,"z":0.00046283629490062594,"w":-0.9991485476493836},"size":1252.63037109375,"orthographic":false}